,random_sampling,training_utility_sampling,density_weighted_sampling,margin_sampling,expected_error_reduction,random_meta_sampling,random_sampling_choice,perfect_meta_sampling,perfect_sampling_choice,meta_sampling,meta_sampling_choice
0,0.24675324675324675,0.5850968703427719,0.25641025641025644,0.34936611601997697,0.34936611601997697,0.34936611601997697,margin_sampling,0.5850968703427719,training_utility_sampling,0.5850968703427719,training_utility_sampling
1,0.24675324675324675,0.6080773159424846,0.3618792744573297,0.3763440860215054,0.39493293591654244,0.5936643314042035,training_utility_sampling,0.6080773159424846,training_utility_sampling,0.5177991081550903,margin_sampling
2,0.24675324675324675,0.6550860719874805,0.5403364485981308,0.3495327102803738,0.592183795274303,0.6037267080745341,expected_error_reduction,0.6550860719874805,training_utility_sampling,0.619672131147541,margin_sampling
3,0.5966685534082639,0.6627642020900448,0.45685618729096994,0.37857142857142856,0.5024509803921569,0.6167499039569727,expected_error_reduction,0.6627642020900448,training_utility_sampling,0.6446078431372549,margin_sampling
4,0.611978337050016,0.6227642276422765,0.500264530269821,0.3702684613668476,0.4674493866184993,0.5935011150047785,training_utility_sampling,0.6489327811404906,density_weighted_sampling,0.6081081081081081,margin_sampling
5,0.6037267080745341,0.654524627720504,0.582472613458529,0.3763440860215054,0.5750238929595413,0.6688701923076923,expected_error_reduction,0.6859286764137077,training_utility_sampling,0.6154281555753214,margin_sampling
6,0.582472613458529,0.6623774509803921,0.5782470797555505,0.3763440860215054,0.6413793103448275,0.6595168209528111,training_utility_sampling,0.6732394366197183,expected_error_reduction,0.61115199084294,margin_sampling
7,0.5810987322320399,0.6623774509803921,0.615530303030303,0.3763440860215054,0.6413793103448275,0.6525905959868223,margin_sampling,0.6880522474068382,training_utility_sampling,0.592183795274303,margin_sampling
8,0.6006259780907669,0.6500348108609887,0.6008003201280512,0.3496969696969697,0.6413793103448275,0.6607424071991002,expected_error_reduction,0.6979166666666665,training_utility_sampling,0.6065194010093489,margin_sampling
9,0.5750238929595413,0.6423065063213075,0.6045977011494252,0.3496969696969697,0.6627642020900448,0.6525905959868223,expected_error_reduction,0.6959605303731113,density_weighted_sampling,0.6937888198757765,margin_sampling
