,random_sampling,training_utility_sampling,density_weighted_sampling,margin_sampling,expected_error_reduction,random_meta_sampling,random_sampling_choice,perfect_meta_sampling,perfect_sampling_choice,meta_sampling,meta_sampling_choice
0,0.4400355035764632,0.3480243161094225,0.9172323072875559,0.35258822887688873,0.28278388278388283,0.35258822887688873,margin_sampling,0.9172323072875559,density_weighted_sampling,0.9172323072875559,density_weighted_sampling
1,0.4346650020807324,0.9238064791133846,0.933291867516716,0.37521312872975277,0.28278388278388283,0.3185948581560284,expected_error_reduction,0.933291867516716,density_weighted_sampling,0.933291867516716,density_weighted_sampling
2,0.42062615101289136,0.9165472969388296,0.933291867516716,0.5425829668132747,0.28278388278388283,0.3434343434343434,training_utility_sampling,0.933291867516716,density_weighted_sampling,0.933291867516716,density_weighted_sampling
3,0.41540880503144656,0.9165472969388296,0.933291867516716,0.4346650020807324,0.28278388278388283,0.3434343434343434,training_utility_sampling,0.933291867516716,density_weighted_sampling,0.9129817444219066,margin_sampling
4,0.6710713062203297,0.9093406593406592,0.9484684684684684,0.6408273824181236,0.28278388278388283,0.7998800479808077,density_weighted_sampling,0.9484684684684684,density_weighted_sampling,0.8990112994350282,density_weighted_sampling
5,0.7816793893129772,0.9165472969388296,0.9484684684684684,0.8161590189873418,0.28278388278388283,0.7998800479808077,training_utility_sampling,0.9550314465408805,margin_sampling,0.9059829059829061,density_weighted_sampling
6,0.7816793893129772,0.9165472969388296,0.9484684684684684,0.9337451737451739,0.27040816326530615,0.7931567659234874,density_weighted_sampling,0.9553682896379526,expected_error_reduction,0.8507826086956523,margin_sampling
7,0.7816793893129772,0.9165472969388296,0.9484684684684684,0.9195355261138677,0.28278388278388283,0.8888197791945265,margin_sampling,0.9553682896379526,density_weighted_sampling,0.9059829059829061,margin_sampling
8,0.7816793893129772,0.9165472969388296,0.9484684684684684,0.9404910528506034,0.28278388278388283,0.8818181818181818,density_weighted_sampling,0.9553682896379526,density_weighted_sampling,0.9409090909090909,margin_sampling
9,0.9049056217709346,0.9165472969388296,0.9412972085385878,0.9623783214943435,0.28278388278388283,0.9238064791133846,margin_sampling,0.9553682896379526,density_weighted_sampling,0.9626690335717641,margin_sampling
