,random_sampling,training_utility_sampling,density_weighted_sampling,margin_sampling,expected_error_reduction,random_meta_sampling,random_sampling_choice,perfect_meta_sampling,perfect_sampling_choice,meta_sampling,meta_sampling_choice
0,0.43564356435643564,0.5347868047025794,0.43564356435643564,0.43564356435643564,0.4293494859004377,0.43564356435643564,margin_sampling,0.5347868047025794,training_utility_sampling,0.43564356435643564,margin_sampling
1,0.4507998296940575,0.4053442028985507,0.43564356435643564,0.43564356435643564,0.4259600614439324,0.43564356435643564,margin_sampling,0.4821700980673281,margin_sampling,0.43564356435643564,margin_sampling
2,0.430514096185738,0.45831183634291195,0.4507998296940575,0.4507998296940575,0.4203376773448032,0.38491631377293806,training_utility_sampling,0.47782952957615277,margin_sampling,0.4507998296940575,margin_sampling
3,0.43564356435643564,0.4698288092310603,0.45577669902912626,0.430514096185738,0.4203376773448032,0.36811811811811807,training_utility_sampling,0.47736870278950816,expected_error_reduction,0.4507998296940575,density_weighted_sampling
4,0.43564356435643564,0.36139297927280345,0.45577669902912626,0.4350993295716914,0.4203376773448032,0.4840386885841431,expected_error_reduction,0.47736870278950816,expected_error_reduction,0.4507998296940575,density_weighted_sampling
5,0.4507998296940575,0.4551970443349754,0.4656213761113258,0.4350993295716914,0.4203376773448032,0.36811811811811807,expected_error_reduction,0.4034180405334453,training_utility_sampling,0.45577669902912626,density_weighted_sampling
6,0.4507998296940575,0.38921486807472555,0.4656213761113258,0.4350993295716914,0.4031722993987145,0.36811811811811807,training_utility_sampling,0.4096406882591093,training_utility_sampling,0.45577669902912626,density_weighted_sampling
7,0.45577669902912626,0.3754228329809725,0.4656213761113258,0.4350993295716914,0.4259600614439324,0.38135967332524,expected_error_reduction,0.455499858129197,density_weighted_sampling,0.4656213761113258,density_weighted_sampling
8,0.45577669902912626,0.3792305236270753,0.4728538004679345,0.42463356211137726,0.4259600614439324,0.38135967332524,training_utility_sampling,0.432807881773399,margin_sampling,0.4656213761113258,margin_sampling
9,0.4350993295716914,0.3811291033120186,0.47514604164426766,0.42463356211137726,0.4259600614439324,0.38135967332524,margin_sampling,0.48106700450450446,expected_error_reduction,0.46803751803751803,density_weighted_sampling
