,random_sampling,training_utility_sampling,density_weighted_sampling,margin_sampling,expected_error_reduction,random_meta_sampling,random_sampling_choice,perfect_meta_sampling,perfect_sampling_choice,meta_sampling,meta_sampling_choice
0,0.4105757931844889,0.4973330488585449,0.38122605363984674,0.7894736842105263,0.35042735042735046,0.38122605363984674,density_weighted_sampling,0.7894736842105263,margin_sampling,0.7894736842105263,margin_sampling
1,0.4882154882154882,0.35042735042735046,0.7293345829428304,0.7213200628601363,0.35042735042735046,0.38122605363984674,margin_sampling,0.7762770562770563,training_utility_sampling,0.7368325132130491,density_weighted_sampling
2,0.48231157987255546,0.8025974025974025,0.4653959609711822,0.7414965986394557,0.35042735042735046,0.782078853046595,margin_sampling,0.7521739130434782,density_weighted_sampling,0.7212032281731474,training_utility_sampling
3,0.48231157987255546,0.8025974025974025,0.6457953394123607,0.672156862745098,0.35042735042735046,0.6346153846153846,expected_error_reduction,0.8156618156618156,margin_sampling,0.7124842370744009,density_weighted_sampling
4,0.7672491442983246,0.7759667071267558,0.5841750841750841,0.7076923076923076,0.35042735042735046,0.68824683431425,expected_error_reduction,0.8156618156618156,margin_sampling,0.672156862745098,margin_sampling
5,0.7672491442983246,0.762993762993763,0.5841750841750841,0.6814288317842172,0.35042735042735046,0.5596136962247584,expected_error_reduction,0.8156618156618156,margin_sampling,0.6784615384615384,margin_sampling
6,0.7212032281731474,0.7759667071267558,0.5841750841750841,0.7076923076923076,0.35042735042735046,0.5742296918767507,density_weighted_sampling,0.8156618156618156,margin_sampling,0.6784615384615384,margin_sampling
7,0.7672491442983246,0.7759667071267558,0.7008434864104968,0.7076923076923076,0.35042735042735046,0.6041666666666667,training_utility_sampling,0.8156618156618156,margin_sampling,0.6784615384615384,margin_sampling
8,0.782078853046595,0.7489132324813076,0.6607142857142856,0.7578256794751639,0.46099290780141844,0.7351916376306621,expected_error_reduction,0.8156618156618156,margin_sampling,0.6784615384615384,margin_sampling
9,0.782078853046595,0.7744019556486816,0.672352389878163,0.7076923076923076,0.39225589225589225,0.7489132324813076,expected_error_reduction,0.8156618156618156,margin_sampling,0.6606484177829548,margin_sampling
