,random_sampling,training_utility_sampling,density_weighted_sampling,margin_sampling,expected_error_reduction,random_meta_sampling,random_sampling_choice,perfect_meta_sampling,perfect_sampling_choice,meta_sampling,meta_sampling_choice
0,0.20514189975507113,0.5199297749606694,0.3271641178193352,0.2478861078481572,0.2597225731240465,0.2597225731240465,expected_error_reduction,0.5199297749606694,training_utility_sampling,0.3271641178193352,density_weighted_sampling
1,0.48232008792257125,0.5199297749606694,0.5186255848319453,0.4209984966147023,0.29673797613805064,0.4518327254864323,margin_sampling,0.5386513414748415,margin_sampling,0.5186255848319453,density_weighted_sampling
2,0.5316559160219065,0.5315551831587803,0.5188401907315178,0.4302545009845747,0.5440732280456804,0.4701367905925499,density_weighted_sampling,0.5571349712143335,density_weighted_sampling,0.5188401907315178,density_weighted_sampling
3,0.5092354473374683,0.5449378661341885,0.5186255848319453,0.4242223988888482,0.6600294154574642,0.7066935915686244,density_weighted_sampling,0.7854129741598491,density_weighted_sampling,0.7881633656113483,training_utility_sampling
4,0.5316559160219065,0.5179463763940636,0.5238373008297047,0.4291526154291862,0.4840616127799818,0.6831365756064551,expected_error_reduction,0.7854129741598491,training_utility_sampling,0.8055735568417051,margin_sampling
5,0.5316559160219065,0.5179463763940636,0.524027735702831,0.4291526154291862,0.44392734036675535,0.6863902590776533,margin_sampling,0.7854129741598491,density_weighted_sampling,0.8055735568417051,density_weighted_sampling
6,0.6933426239675917,0.5179463763940636,0.8139278527931063,0.5320028407514675,0.44392734036675535,0.6863902590776533,expected_error_reduction,0.7854129741598491,training_utility_sampling,0.861659566052485,density_weighted_sampling
7,0.6983707745406041,0.6130163022731074,0.8196660905775155,0.644862604540024,0.44392734036675535,0.7440763544402526,margin_sampling,0.7854129741598491,training_utility_sampling,0.8548600874213271,training_utility_sampling
8,0.6975683453375536,0.6130163022731074,0.8179755072354693,0.842215354423918,0.44392734036675535,0.7440763544402526,margin_sampling,0.7854129741598491,density_weighted_sampling,0.8548600874213271,density_weighted_sampling
9,0.8160503500493338,0.8212948340801721,0.8188204475659692,0.8634607715260053,0.44392734036675535,0.7440763544402526,margin_sampling,0.8451556141775881,density_weighted_sampling,0.8596399770825848,density_weighted_sampling
