,random_sampling,training_utility_sampling,density_weighted_sampling,margin_sampling,expected_error_reduction,random_meta_sampling,random_sampling_choice,perfect_meta_sampling,perfect_sampling_choice,meta_sampling,meta_sampling_choice
0,0.615280734105596,0.5294251113190959,0.5251134689951606,0.5279156241312204,0.38289930231690483,0.5294251113190959,training_utility_sampling,0.5294251113190959,training_utility_sampling,0.5251134689951606,density_weighted_sampling
1,0.696173988339887,0.7228487556957588,0.5294251113190959,0.5287805464546576,0.4765724200481092,0.530719070695553,margin_sampling,0.7228487556957588,training_utility_sampling,0.5294251113190959,density_weighted_sampling
2,0.5671771703748447,0.7222532677739457,0.5276639069742518,0.5294251113190959,0.49809818247248794,0.530719070695553,expected_error_reduction,0.7300098847369072,density_weighted_sampling,0.7250734860825058,training_utility_sampling
3,0.5179362446803086,0.709917138924645,0.5276639069742518,0.5665589612853501,0.49885921313530407,0.5221266974841952,expected_error_reduction,0.7329234972677596,density_weighted_sampling,0.7338792459873087,margin_sampling
4,0.5295782595149634,0.7093690995798314,0.5276639069742518,0.5796448949785253,0.5168698056778731,0.5245913382329767,margin_sampling,0.7385176387096626,margin_sampling,0.7365165182585492,margin_sampling
5,0.5385043100037104,0.7093690995798314,0.5276639069742518,0.547528308965002,0.5764426780438666,0.7200548837624381,training_utility_sampling,0.7440432114710154,margin_sampling,0.7422555168408828,margin_sampling
6,0.5789983473082223,0.7062481452504924,0.528948648847602,0.5502911391377084,0.6330480763199597,0.7200548837624381,density_weighted_sampling,0.7445722095755491,training_utility_sampling,0.7453624660348407,margin_sampling
7,0.5501840985894181,0.7062481452504924,0.528948648847602,0.5462822309072586,0.6251358616540186,0.703624209065248,expected_error_reduction,0.7445722095755491,training_utility_sampling,0.7428075396825398,margin_sampling
8,0.5501840985894181,0.7115535956580733,0.528948648847602,0.5518156287076421,0.6367958221658705,0.6421685084028341,expected_error_reduction,0.7445722095755491,margin_sampling,0.7455948506696525,margin_sampling
9,0.5501840985894181,0.7074410987559177,0.528948648847602,0.5525148522800257,0.6226281040428371,0.6742937188445608,margin_sampling,0.7445722095755491,margin_sampling,0.7420654058819752,margin_sampling
