,random_sampling,training_utility_sampling,density_weighted_sampling,margin_sampling,expected_error_reduction,random_meta_sampling,random_sampling_choice,perfect_meta_sampling,perfect_sampling_choice,meta_sampling,meta_sampling_choice
0,0.4564254062038405,0.4564254062038405,0.47376725838264294,0.4564254062038405,0.4564254062038405,0.47376725838264294,density_weighted_sampling,0.47376725838264294,density_weighted_sampling,0.4564254062038405,training_utility_sampling
1,0.4564254062038405,0.4564254062038405,0.5892857142857143,0.4564254062038405,0.4564254062038405,0.6115411681914145,expected_error_reduction,0.6115411681914145,expected_error_reduction,0.4564254062038405,training_utility_sampling
2,0.47055355079129224,0.4564254062038405,0.5998168498168499,0.47376725838264294,0.47376725838264294,0.5841321798768606,margin_sampling,0.6434751261715934,density_weighted_sampling,0.4564254062038405,training_utility_sampling
3,0.47055355079129224,0.4840343735866124,0.6310776942355889,0.4564254062038405,0.47376725838264294,0.5866227854088248,training_utility_sampling,0.6574716534100524,training_utility_sampling,0.4564254062038405,density_weighted_sampling
4,0.47055355079129224,0.4827655444749347,0.4562748176193555,0.489231358284675,0.4564254062038405,0.6611878348803863,density_weighted_sampling,0.6555279853795521,margin_sampling,0.5792682926829269,density_weighted_sampling
5,0.48025987006496756,0.4827655444749347,0.5360538414142851,0.5037202380952381,0.4564254062038405,0.6192790869529519,training_utility_sampling,0.6611878348803863,density_weighted_sampling,0.5451355661881978,density_weighted_sampling
6,0.4840343735866124,0.4827655444749347,0.5420835199840724,0.5037202380952381,0.4564254062038405,0.6259619573108757,training_utility_sampling,0.6192790869529519,margin_sampling,0.5481281820904462,density_weighted_sampling
7,0.4840343735866124,0.4827655444749347,0.5449362843729042,0.5301162381120113,0.4564254062038405,0.6149068322981366,density_weighted_sampling,0.6393130584241253,expected_error_reduction,0.5225880614171935,margin_sampling
8,0.5003285007227016,0.5267711012391864,0.5183440054770247,0.5320259688106552,0.4564254062038405,0.628462315087134,training_utility_sampling,0.6462861109627811,margin_sampling,0.5189542483660131,margin_sampling
9,0.5077232658381258,0.5141004670594959,0.5315013196708586,0.5227576974564926,0.4564254062038405,0.6064618885096701,density_weighted_sampling,0.6392306311530868,margin_sampling,0.5106080287004391,margin_sampling
