,random_sampling,training_utility_sampling,density_weighted_sampling,margin_sampling,expected_error_reduction,random_meta_sampling,random_sampling_choice,perfect_meta_sampling,perfect_sampling_choice,meta_sampling,meta_sampling_choice
0,0.5330907001245092,0.5823104200763776,0.5414638918099338,0.5256660168940871,0.5223206531179434,0.5414638918099338,density_weighted_sampling,0.5823104200763776,training_utility_sampling,0.5823104200763776,training_utility_sampling
1,0.5256660168940871,0.4958709429613981,0.5475261126496435,0.4542877391920624,0.4523087293562521,0.5475261126496435,density_weighted_sampling,0.5966610549943883,margin_sampling,0.5966610549943883,margin_sampling
2,0.5203499526745287,0.5299422619344747,0.5475261126496435,0.443818439224524,0.40898345153664306,0.5867327894203594,training_utility_sampling,0.6001233354531614,training_utility_sampling,0.6001233354531614,training_utility_sampling
3,0.5358649789029536,0.5552279774309967,0.5475261126496435,0.4310888084957405,0.48389760528488845,0.5713351363772957,density_weighted_sampling,0.5933069951196839,margin_sampling,0.5933069951196839,margin_sampling
4,0.5347279088811137,0.5686046710290273,0.5725232737328746,0.41964285714285715,0.4619611776259429,0.572192513368984,density_weighted_sampling,0.6023978468314167,density_weighted_sampling,0.6023978468314167,density_weighted_sampling
5,0.5347279088811137,0.5434290306085179,0.5725232737328746,0.41964285714285715,0.47088059736986043,0.5838695838695839,training_utility_sampling,0.6131319660731425,density_weighted_sampling,0.6131319660731425,density_weighted_sampling
6,0.5718130658184487,0.5066495066495067,0.5806023720349563,0.4642509253847652,0.4588744588744589,0.5754518705338378,training_utility_sampling,0.6098626716604244,margin_sampling,0.6098626716604244,margin_sampling
7,0.5718130658184487,0.5130233921152885,0.5810835970955128,0.473741764400339,0.49186991869918695,0.5636854583772392,density_weighted_sampling,0.6098303008751654,density_weighted_sampling,0.6098303008751654,density_weighted_sampling
8,0.5504385964912281,0.5248462229594305,0.5475261126496435,0.44940476190476186,0.49186991869918695,0.587437690331581,expected_error_reduction,0.6131319660731425,density_weighted_sampling,0.6131319660731425,density_weighted_sampling
9,0.5615810063402131,0.5107293164065883,0.5368083003952568,0.4227731194555839,0.49186991869918695,0.5689578556319878,training_utility_sampling,0.6047794117647058,density_weighted_sampling,0.6047794117647058,density_weighted_sampling
