,random_sampling,training_utility_sampling,density_weighted_sampling,margin_sampling,expected_error_reduction,random_meta_sampling,random_sampling_choice,perfect_meta_sampling,perfect_sampling_choice,meta_sampling,meta_sampling_choice
0,0.4252363488423992,0.33361344537815124,0.33361344537815124,0.3468972704047331,0.3468972704047331,0.3468972704047331,margin_sampling,0.3468972704047331,margin_sampling,0.3468972704047331,margin_sampling
1,0.7222407677520462,0.33361344537815124,0.33361344537815124,0.355673384597343,0.35235211338392725,0.34473861720067456,density_weighted_sampling,0.355673384597343,margin_sampling,0.355673384597343,margin_sampling
2,0.7202542598509052,0.5423405830768337,0.392528839221341,0.4012519079011464,0.34415227753401306,0.3468972704047331,expected_error_reduction,0.7525504680634274,expected_error_reduction,0.7525504680634274,expected_error_reduction
3,0.6605755725861707,0.6423550043675151,0.37961065045030534,0.542364604912696,0.3577607080237122,0.3577607080237122,expected_error_reduction,0.7518107842260575,margin_sampling,0.7518107842260575,margin_sampling
4,0.7522380636604775,0.6530989113738062,0.37961065045030534,0.6695557963163596,0.3604478871654444,0.3577607080237122,expected_error_reduction,0.7414130434782609,density_weighted_sampling,0.7414130434782609,density_weighted_sampling
5,0.7342531647599271,0.7025719802225614,0.3848096056300351,0.6960452741702741,0.3604478871654444,0.7615144418423107,training_utility_sampling,0.7525063374988853,margin_sampling,0.7525063374988853,margin_sampling
6,0.7275701534707506,0.7484766618053729,0.3848096056300351,0.7271441315152287,0.3604478871654444,0.7498434730253182,density_weighted_sampling,0.7553123131147332,density_weighted_sampling,0.7553123131147332,density_weighted_sampling
7,0.7386939923648784,0.7410663799625692,0.3848096056300351,0.7477927893545022,0.3604478871654444,0.6853299472243165,training_utility_sampling,0.7539418473098056,margin_sampling,0.7539418473098056,margin_sampling
8,0.7187733078037509,0.7458191473245253,0.3848096056300351,0.7439058341406919,0.3604478871654444,0.7174279235503725,margin_sampling,0.7528180661577608,training_utility_sampling,0.7528180661577608,training_utility_sampling
9,0.7312903579899872,0.7324907871491723,0.38739316239316235,0.7462919594067134,0.3604478871654444,0.7253398716711585,expected_error_reduction,0.746525707143232,density_weighted_sampling,0.746525707143232,density_weighted_sampling
