,random_sampling,training_utility_sampling,density_weighted_sampling,margin_sampling,expected_error_reduction,random_meta_sampling,random_sampling_choice,perfect_meta_sampling,perfect_sampling_choice,meta_sampling,meta_sampling_choice
0,0.3333333333333333,0.3333333333333333,0.37745604245164355,0.3333333333333333,0.3333333333333333,0.37745604245164355,density_weighted_sampling,0.37745604245164355,density_weighted_sampling,0.3333333333333333,training_utility_sampling
1,0.3333333333333333,0.40107381439202666,0.37538684181231213,0.3333333333333333,0.3333333333333333,0.3588431317374593,margin_sampling,0.5161738677727903,expected_error_reduction,0.40107381439202666,training_utility_sampling
2,0.3330995792426367,0.3855378145738879,0.3689334387971525,0.3333333333333333,0.3333333333333333,0.3482262888613735,margin_sampling,0.549099021538139,expected_error_reduction,0.48960150275057024,margin_sampling
3,0.3330995792426367,0.4786817990555893,0.404026824068817,0.33450063054674883,0.33450063054674883,0.38894411376331767,margin_sampling,0.550205642092656,density_weighted_sampling,0.49546874874673,training_utility_sampling
4,0.3330995792426367,0.47450965638619436,0.39362654655958323,0.33450063054674883,0.33450063054674883,0.3902511851777276,density_weighted_sampling,0.5466546797024903,density_weighted_sampling,0.5017428997499889,training_utility_sampling
5,0.3333333333333333,0.4744125243120876,0.3913512417137994,0.3393423356122693,0.33450063054674883,0.37922796381047846,training_utility_sampling,0.5461562621734735,density_weighted_sampling,0.5021167418291208,training_utility_sampling
6,0.3333333333333333,0.5199204459406447,0.3828752894201941,0.3381900492264416,0.33450063054674883,0.4069867758423321,margin_sampling,0.5455365943712225,margin_sampling,0.4956369108900015,margin_sampling
7,0.3333333333333333,0.5215134023354564,0.3828752894201941,0.3381900492264416,0.33450063054674883,0.404808536525322,margin_sampling,0.5433244205093285,density_weighted_sampling,0.5070677971098728,density_weighted_sampling
8,0.33495721874853085,0.5198960237258773,0.38448300845264793,0.3381900492264416,0.33450063054674883,0.4083128045512433,training_utility_sampling,0.5478453274625692,expected_error_reduction,0.511005022637875,density_weighted_sampling
9,0.5389900205606539,0.5137434149364735,0.41185606439297945,0.33703568633847136,0.33450063054674883,0.500467618986612,training_utility_sampling,0.5483376192340546,density_weighted_sampling,0.5063339190375475,margin_sampling
