,random_sampling,training_utility_sampling,density_weighted_sampling,margin_sampling,expected_error_reduction,random_meta_sampling,random_sampling_choice,perfect_meta_sampling,perfect_sampling_choice,meta_sampling,meta_sampling_choice
0,0.5332792207792207,0.5803870076574351,0.33594721441761777,0.33594721441761777,0.3341229109093301,0.3341229109093301,expected_error_reduction,0.5803870076574351,training_utility_sampling,0.33594721441761777,density_weighted_sampling
1,0.5067879738849967,0.5459981839927359,0.33594721441761777,0.33594721441761777,0.3341229109093301,0.3710691823899371,training_utility_sampling,0.5816234611150035,margin_sampling,0.33594721441761777,margin_sampling
2,0.4959468603703755,0.43474264705882354,0.33594721441761777,0.33594721441761777,0.3341229109093301,0.36284701621515647,training_utility_sampling,0.5837602459016393,margin_sampling,0.33594721441761777,density_weighted_sampling
3,0.6745324816583305,0.438817472542952,0.33594721441761777,0.33594721441761777,0.6554381644028887,0.3680061496870986,margin_sampling,0.5779172717852699,margin_sampling,0.33594721441761777,density_weighted_sampling
4,0.6780721118469463,0.43496720108414266,0.478520436604269,0.33594721441761777,0.6552071781429579,0.37918665787819794,margin_sampling,0.5796984285949862,margin_sampling,0.33594721441761777,margin_sampling
5,0.6962147129942627,0.4335653018287749,0.5025010017513766,0.33594721441761777,0.6715137566691076,0.35451759911654457,expected_error_reduction,0.5760932756281893,margin_sampling,0.33594721441761777,density_weighted_sampling
6,0.6791666666666667,0.4352409638554217,0.4510430182652959,0.33594721441761777,0.6773508632425613,0.3586958770351062,density_weighted_sampling,0.5856286257495247,density_weighted_sampling,0.3638579333813633,density_weighted_sampling
7,0.6804391142524155,0.35323721792501744,0.4578367449370475,0.3350362035844715,0.6720423509696967,0.36284701621515647,margin_sampling,0.5810700900392771,margin_sampling,0.4106583072100314,density_weighted_sampling
8,0.6838549726284964,0.35226394199628075,0.650915489263129,0.3350362035844715,0.6720423509696967,0.36284701621515647,margin_sampling,0.6015227091601232,margin_sampling,0.4582462657689033,margin_sampling
9,0.6765686420858835,0.35226394199628075,0.6612832754107691,0.3341229109093301,0.6751109685912475,0.3710691823899371,density_weighted_sampling,0.6146126053793657,margin_sampling,0.45118989800874215,margin_sampling
