,random_sampling,training_utility_sampling,density_weighted_sampling,margin_sampling,expected_error_reduction,random_meta_sampling,random_sampling_choice,perfect_meta_sampling,perfect_sampling_choice,meta_sampling,meta_sampling_choice
0,0.37883807369101485,0.4622331691297209,0.3905956112852665,0.46549580425676396,0.3917274939172749,0.4622331691297209,training_utility_sampling,0.46549580425676396,margin_sampling,0.46549580425676396,margin_sampling
1,0.3799320709256475,0.4590439907933047,0.38388817065287656,0.5290033711333182,0.3928584024870132,0.4817726221492413,margin_sampling,0.5290033711333182,margin_sampling,0.5290033711333182,margin_sampling
2,0.38102486047691525,0.5583333333333333,0.48596782338936584,0.499947693273355,0.3928584024870132,0.47666505322295727,training_utility_sampling,0.5154690217552294,density_weighted_sampling,0.499947693273355,margin_sampling
3,0.38102486047691525,0.5274341361327235,0.48133484931531667,0.5017787558461493,0.3928584024870132,0.5485346725371492,training_utility_sampling,0.5954757365545749,expected_error_reduction,0.49489760975275665,density_weighted_sampling
4,0.37703100605678425,0.5769881556683587,0.4769497150277757,0.5955858799410596,0.3917274939172749,0.5453679488733785,margin_sampling,0.6633330441715308,expected_error_reduction,0.5023732965855152,density_weighted_sampling
5,0.6133178927628337,0.37301198923415707,0.6125974203545872,0.5442002054192739,0.3905956112852665,0.3928584024870132,expected_error_reduction,0.6658189880020866,expected_error_reduction,0.5776198578720848,margin_sampling
6,0.629666700030027,0.3719455448817376,0.6125373035893885,0.5611437978489746,0.3905956112852665,0.4006269592476488,density_weighted_sampling,0.6697708209497392,margin_sampling,0.6192020440251571,density_weighted_sampling
7,0.6378247071582646,0.36791452573199573,0.6065762138893168,0.5575886074892736,0.3905956112852665,0.40712250144482753,margin_sampling,0.6771022290229566,margin_sampling,0.6404337293249394,density_weighted_sampling
8,0.6439943039088625,0.3689675082136415,0.562818336162988,0.6399481525339648,0.3905956112852665,0.41468253968253965,margin_sampling,0.6697708209497392,density_weighted_sampling,0.6514219164943924,density_weighted_sampling
9,0.6437948258196721,0.3689675082136415,0.5620178493595305,0.6575054378522587,0.3905956112852665,0.42215373673916917,training_utility_sampling,0.680217779891438,expected_error_reduction,0.6366513791098766,density_weighted_sampling
