,random_sampling,training_utility_sampling,density_weighted_sampling,margin_sampling,expected_error_reduction,random_meta_sampling,random_sampling_choice,perfect_meta_sampling,perfect_sampling_choice,meta_sampling,meta_sampling_choice
0,0.47180924768259164,0.600836037886477,0.5300997232809481,0.539294594810648,0.45175438596491224,0.600836037886477,training_utility_sampling,0.600836037886477,training_utility_sampling,0.539294594810648,margin_sampling
1,0.5280486326399834,0.6535835322793369,0.43150064558401263,0.6937243519167251,0.42329873125720874,0.5765845034059129,margin_sampling,0.6535835322793369,training_utility_sampling,0.6937243519167251,margin_sampling
2,0.6884050001832912,0.6547756041426929,0.4184320538838519,0.6946801061699044,0.4172494172494173,0.5054401582591495,density_weighted_sampling,0.6706042237239539,expected_error_reduction,0.6946801061699044,margin_sampling
3,0.704200354959574,0.6624999999999999,0.4888013413852802,0.6917583385374133,0.40476190476190477,0.5760339831401475,training_utility_sampling,0.675667883913127,margin_sampling,0.6977321743676883,expected_error_reduction
4,0.7126483301225495,0.6969994758909853,0.48292757824954047,0.6386993175431553,0.4021403375914227,0.5812807881773399,density_weighted_sampling,0.6813256851497769,margin_sampling,0.6262274311054798,expected_error_reduction
5,0.7134507440119334,0.6931315003604159,0.483065953654189,0.681998727994912,0.37514084939870107,0.5800402341941484,density_weighted_sampling,0.7059250068483218,margin_sampling,0.6523715752355339,margin_sampling
6,0.6956055047341355,0.6965129132750477,0.5007787850952514,0.6897902982416113,0.3680061496870986,0.5994889890280524,training_utility_sampling,0.7080718143336739,margin_sampling,0.6624736564805058,margin_sampling
7,0.6998799519807923,0.6606957143258687,0.5450675303427436,0.7043811914041289,0.3680061496870986,0.665165964725436,margin_sampling,0.7190772800213421,expected_error_reduction,0.6555721009276866,margin_sampling
8,0.7012531328320802,0.5595692834562698,0.5549010798848566,0.696877225104262,0.3680061496870986,0.6399145559963382,expected_error_reduction,0.7254699308830179,training_utility_sampling,0.6572272319780625,margin_sampling
9,0.7038815526210485,0.5524499754569341,0.5760339831401475,0.6679467559841769,0.36070686070686075,0.6410388949741344,expected_error_reduction,0.7247899499765262,training_utility_sampling,0.654638269349453,margin_sampling
