,random_sampling,training_utility_sampling,density_weighted_sampling,margin_sampling,expected_error_reduction,random_meta_sampling,random_sampling_choice,perfect_meta_sampling,perfect_sampling_choice,meta_sampling,meta_sampling_choice
0,0.4271265457706136,0.3711442192494494,0.4079536808172491,0.41289981977389817,0.4079536808172491,0.3711442192494494,training_utility_sampling,0.41289981977389817,margin_sampling,0.41289981977389817,margin_sampling
1,0.3964665861955448,0.5107293164065883,0.37996031746031744,0.41424501424501425,0.41145141005500585,0.5107293164065883,training_utility_sampling,0.41424501424501425,margin_sampling,0.41424501424501425,margin_sampling
2,0.5541666666666667,0.46273125696738954,0.37487029191279564,0.4123592062962167,0.41145141005500585,0.5107293164065883,margin_sampling,0.41289981977389817,density_weighted_sampling,0.4123592062962167,margin_sampling
3,0.5541666666666667,0.46273125696738954,0.37487029191279564,0.4104395780857868,0.4080079577815043,0.5882345710879211,expected_error_reduction,0.4123592062962167,margin_sampling,0.4104395780857868,margin_sampling
4,0.5467665868808769,0.46273125696738954,0.37487029191279564,0.40778612618957244,0.5517083985393845,0.6125,training_utility_sampling,0.4104395780857868,margin_sampling,0.40778612618957244,margin_sampling
5,0.5467665868808769,0.46088607798644976,0.37595129375951297,0.4007406576141847,0.5831974194483709,0.613138321769081,training_utility_sampling,0.4104395780857868,margin_sampling,0.4007406576141847,margin_sampling
6,0.5569442169671467,0.46088607798644976,0.37595129375951297,0.4080079577815043,0.5933372372958553,0.598249784553641,training_utility_sampling,0.4102061556329849,margin_sampling,0.4080079577815043,margin_sampling
7,0.5725586845649899,0.5915148903999903,0.37703100605678425,0.4080079577815043,0.5239708896096561,0.598249784553641,margin_sampling,0.38167340290764307,expected_error_reduction,0.4080079577815043,margin_sampling
8,0.5725586845649899,0.6550443135381839,0.37595129375951297,0.4094210563429942,0.5560597839490948,0.6052483176059251,training_utility_sampling,0.38167340290764307,density_weighted_sampling,0.4094210563429942,margin_sampling
9,0.5787944807552651,0.5783818913994019,0.37595129375951297,0.4094210563429942,0.5537018069935133,0.6052483176059251,margin_sampling,0.38167340290764307,density_weighted_sampling,0.4094210563429942,margin_sampling
