,random_sampling,training_utility_sampling,density_weighted_sampling,margin_sampling,expected_error_reduction,random_meta_sampling,random_sampling_choice,perfect_meta_sampling,perfect_sampling_choice,meta_sampling,meta_sampling_choice
0,0.3333333333333333,0.3333333333333333,0.3615652208883795,0.4419642857142857,0.3698085128999438,0.4419642857142857,margin_sampling,0.4419642857142857,margin_sampling,0.3615652208883795,density_weighted_sampling
1,0.34607829344671454,0.3766463574028272,0.3480002723211714,0.3964665861955448,0.3333333333333333,0.3638676844783715,training_utility_sampling,0.46902802863067766,density_weighted_sampling,0.3973263204032435,margin_sampling
2,0.34276332671732546,0.49280551009274415,0.45292802435659574,0.39054821867321865,0.3333333333333333,0.38445832332452556,expected_error_reduction,0.5153719220109262,density_weighted_sampling,0.3605015673981191,margin_sampling
3,0.33845766129032256,0.5216766534177104,0.49636399371069184,0.37949863489699676,0.39409866701706747,0.43764904633678525,density_weighted_sampling,0.5195723790452813,density_weighted_sampling,0.41424501424501425,margin_sampling
4,0.3412384716732543,0.4523279140462506,0.48481803264091183,0.3638579333813633,0.36474673388709195,0.4562079568188837,margin_sampling,0.5079380571279849,margin_sampling,0.3628874533278018,margin_sampling
5,0.36120183536406525,0.4568506960728903,0.5083333333333333,0.3512888249730355,0.36686008370669093,0.4243375239085625,expected_error_reduction,0.4852407554302881,margin_sampling,0.3857493857493858,margin_sampling
6,0.3676658050798353,0.48183211360480793,0.5081967213114754,0.35226394199628075,0.3628170622298344,0.4132888869730975,expected_error_reduction,0.49530144652095875,expected_error_reduction,0.4562079568188837,margin_sampling
7,0.3644407078228841,0.4951923076923077,0.5092603214663557,0.35352406959184096,0.35667819499341236,0.3965655126285025,margin_sampling,0.5357250527585167,training_utility_sampling,0.4810448024483199,margin_sampling
8,0.4159270647313936,0.4960628656555801,0.46918672444699705,0.35667819499341236,0.35970219671400205,0.4001458845208845,density_weighted_sampling,0.5456362909381702,density_weighted_sampling,0.4931320401132476,margin_sampling
9,0.4344360738071842,0.4773958696252868,0.49489760975275665,0.3737879767291532,0.3584741635288634,0.4740249231267195,density_weighted_sampling,0.5598591549295774,margin_sampling,0.49798192734938457,margin_sampling
