,random_sampling,training_utility_sampling,density_weighted_sampling,margin_sampling,expected_error_reduction,random_meta_sampling,random_sampling_choice,perfect_meta_sampling,perfect_sampling_choice,meta_sampling,meta_sampling_choice
0,0.3819144141128798,0.5941558441558441,0.3833333333333333,0.3726115105511,0.37190313350547843,0.37190313350547843,expected_error_reduction,0.5941558441558441,training_utility_sampling,0.5941558441558441,training_utility_sampling
1,0.3877259157296341,0.6379869675308311,0.4184722493330731,0.4001638576779026,0.38297722304491927,0.3657352035083904,density_weighted_sampling,0.6379869675308311,training_utility_sampling,0.6379869675308311,training_utility_sampling
2,0.47416879795396416,0.6399481525339648,0.40067964164349706,0.41107184923439344,0.3703247166461225,0.39038175828434857,margin_sampling,0.6767574556595553,margin_sampling,0.6767574556595553,margin_sampling
3,0.5499188246451592,0.7456559653769137,0.6740560785504606,0.4122760228372745,0.3629311470390931,0.4041666666666667,training_utility_sampling,0.7156274882594778,density_weighted_sampling,0.6746674378253326,margin_sampling
4,0.5657898422836652,0.7418147197882881,0.6917851558832294,0.38445832332452556,0.3608006428519249,0.38516427371447376,density_weighted_sampling,0.7297122847783641,margin_sampling,0.686187418529426,expected_error_reduction
5,0.591764856557377,0.7400776140333909,0.6880131362889983,0.3905956112852665,0.3562349331580101,0.5925020374898124,training_utility_sampling,0.7360478095998001,density_weighted_sampling,0.7156274882594778,density_weighted_sampling
6,0.6539875435515679,0.7420020639834881,0.7111496244945118,0.3928584024870132,0.344312788467372,0.6174863387978142,margin_sampling,0.7462092524855379,density_weighted_sampling,0.7326463153801284,margin_sampling
7,0.6698402026580865,0.7425127536651699,0.7103997305279761,0.35352406959184096,0.34548854604955587,0.6164075286415713,expected_error_reduction,0.7460332817337462,density_weighted_sampling,0.7371570910973084,margin_sampling
8,0.6587715776796468,0.7404207196584016,0.7155858930602959,0.3900556289513513,0.3407545535024769,0.6095999999999999,expected_error_reduction,0.7423510466988728,density_weighted_sampling,0.7331133540372672,density_weighted_sampling
9,0.6651629072681704,0.7286704853783539,0.7028213007574896,0.38278136352414205,0.3419035263592405,0.6402711219754376,margin_sampling,0.7420020639834881,training_utility_sampling,0.7396999891037206,margin_sampling
