,random_sampling,training_utility_sampling,density_weighted_sampling,margin_sampling,expected_error_reduction,random_meta_sampling,random_sampling_choice,perfect_meta_sampling,perfect_sampling_choice,meta_sampling,meta_sampling_choice
0,0.6185705103947045,0.600500243173765,0.6021120011152481,0.5607429718875502,0.5607429718875502,0.6021120011152481,density_weighted_sampling,0.6021120011152481,density_weighted_sampling,0.6021120011152481,density_weighted_sampling
1,0.5489215123431477,0.6065590415270586,0.6204493127309456,0.6111997848443922,0.5790201361315939,0.6204493127309456,density_weighted_sampling,0.6204493127309456,density_weighted_sampling,0.6204493127309456,density_weighted_sampling
2,0.5517983230361871,0.5834490419327963,0.6204493127309456,0.6226415094339623,0.20168943803194092,0.6266114663033225,margin_sampling,0.6452144109889816,training_utility_sampling,0.6204493127309456,density_weighted_sampling
3,0.580206748176523,0.6979191547356443,0.6231319038336582,0.6232853255624257,0.3498725750247048,0.6266114663033225,density_weighted_sampling,0.6597343205574913,density_weighted_sampling,0.6231319038336582,density_weighted_sampling
4,0.5960257670051315,0.6986306530297037,0.6231319038336582,0.6196885313531353,0.5187394790513868,0.5625154241356874,expected_error_reduction,0.7000432495779678,density_weighted_sampling,0.6231319038336582,density_weighted_sampling
5,0.598404267121069,0.6812326320451239,0.6270247229326513,0.6301286623867269,0.41629792474856675,0.5375778816199377,expected_error_reduction,0.6918085969180859,margin_sampling,0.6270247229326513,density_weighted_sampling
6,0.612447065940714,0.6812326320451239,0.6270247229326513,0.6354783260094575,0.45086812196897713,0.5375778816199377,density_weighted_sampling,0.6864567771445433,margin_sampling,0.6270247229326513,density_weighted_sampling
7,0.6604702487055429,0.6838055331617998,0.6270247229326513,0.5873277887118279,0.45449512302356254,0.5375778816199377,density_weighted_sampling,0.6867440126948703,margin_sampling,0.6270247229326513,density_weighted_sampling
8,0.6604702487055429,0.6802500300516888,0.5380797862187441,0.5873277887118279,0.3979518280920912,0.5375778816199377,density_weighted_sampling,0.7031151189229112,margin_sampling,0.5380797862187441,density_weighted_sampling
9,0.6604702487055429,0.689706874917897,0.5380797862187441,0.5873277887118279,0.47651316548779077,0.6627106629164666,training_utility_sampling,0.7104326962852651,margin_sampling,0.5380797862187441,density_weighted_sampling
