,random_sampling,training_utility_sampling,density_weighted_sampling,margin_sampling,expected_error_reduction,random_meta_sampling,random_sampling_choice,perfect_meta_sampling,perfect_sampling_choice,meta_sampling,meta_sampling_choice
0,0.4305604568348786,0.5493560933709979,0.4305604568348786,0.7331410025243419,0.7331410025243419,0.7331410025243419,margin_sampling,0.7331410025243419,margin_sampling,0.5493560933709979,training_utility_sampling
1,0.585475045597745,0.7708201114166844,0.4305604568348786,0.6305840376263673,0.7444994378987634,0.6305840376263673,margin_sampling,0.7444994378987634,expected_error_reduction,0.7708201114166844,training_utility_sampling
2,0.7551468139703434,0.7708201114166844,0.4305604568348786,0.6305840376263673,0.7444994378987634,0.6305840376263673,density_weighted_sampling,0.7491896084407181,training_utility_sampling,0.7708201114166844,density_weighted_sampling
3,0.7657525909514824,0.7228755036924968,0.4305604568348786,0.6305840376263673,0.746410736579276,0.6305840376263673,margin_sampling,0.7679577299879509,expected_error_reduction,0.7708201114166844,density_weighted_sampling
4,0.7221807566635152,0.7007308467741935,0.4305604568348786,0.6305840376263673,0.746410736579276,0.6305840376263673,expected_error_reduction,0.7923090831789905,margin_sampling,0.7726362044203123,expected_error_reduction
5,0.7221807566635152,0.754232792645477,0.4305604568348786,0.6305840376263673,0.746410736579276,0.7806345087864135,training_utility_sampling,0.790301186017478,training_utility_sampling,0.7212365633418265,training_utility_sampling
6,0.6860993094184807,0.7571636716852842,0.4305604568348786,0.6305840376263673,0.746410736579276,0.66078697421981,expected_error_reduction,0.7931662116323323,density_weighted_sampling,0.7112315188172043,training_utility_sampling
7,0.6515433096315449,0.7571636716852842,0.4305604568348786,0.6305840376263673,0.7511224132747855,0.6644358741681791,training_utility_sampling,0.7931662116323323,density_weighted_sampling,0.7686115165353771,training_utility_sampling
8,0.6906666666666668,0.7343046261949844,0.4305604568348786,0.6305840376263673,0.6002132196162047,0.7964721845318861,expected_error_reduction,0.7865292602134707,density_weighted_sampling,0.7470238095238095,training_utility_sampling
9,0.6851701932896276,0.7381778213283976,0.4305604568348786,0.7333017246488474,0.6002132196162047,0.802336518668975,expected_error_reduction,0.794008307523786,margin_sampling,0.7470238095238095,training_utility_sampling
