,random_sampling,training_utility_sampling,density_weighted_sampling,margin_sampling,expected_error_reduction,random_meta_sampling,random_sampling_choice,perfect_meta_sampling,perfect_sampling_choice,meta_sampling,meta_sampling_choice
0,0.3391637514576045,0.3063905454281532,0.33979044834308,0.19486066273331107,0.33979044834308,0.33979044834308,density_weighted_sampling,0.33979044834308,density_weighted_sampling,0.33979044834308,density_weighted_sampling
1,0.3391637514576045,0.30547347685380605,0.2690324537458295,0.19486066273331107,0.33979044834308,0.2690324537458295,density_weighted_sampling,0.33979044834308,expected_error_reduction,0.2690324537458295,density_weighted_sampling
2,0.4112210804259632,0.3045574795574795,0.2690324537458295,0.1954479290723832,0.33979044834308,0.2690324537458295,margin_sampling,0.33979044834308,expected_error_reduction,0.2690324537458295,density_weighted_sampling
3,0.4047731397459165,0.36821621769770224,0.3841676123229522,0.1954479290723832,0.33979044834308,0.2690324537458295,training_utility_sampling,0.33979044834308,expected_error_reduction,0.2690324537458295,margin_sampling
4,0.4491448640193605,0.434334064204194,0.3837096328517056,0.1954479290723832,0.33979044834308,0.2690324537458295,training_utility_sampling,0.33979044834308,expected_error_reduction,0.2690324537458295,margin_sampling
5,0.44485669588830845,0.42592137978787026,0.3800757725861748,0.1954479290723832,0.33979044834308,0.2690324537458295,margin_sampling,0.33979044834308,expected_error_reduction,0.37433924856126105,density_weighted_sampling
6,0.44389359773975157,0.41888259850174414,0.3225276250763507,0.1954479290723832,0.33979044834308,0.2690324537458295,density_weighted_sampling,0.33979044834308,expected_error_reduction,0.32609372035666856,margin_sampling
7,0.44460075921490416,0.4105127824753993,0.3314673545176811,0.1954479290723832,0.33979044834308,0.2690324537458295,margin_sampling,0.33979044834308,expected_error_reduction,0.3367479783664755,margin_sampling
8,0.4448112424069856,0.4084699043752729,0.3814517135751256,0.1954479290723832,0.33979044834308,0.2690324537458295,training_utility_sampling,0.33979044834308,expected_error_reduction,0.36222538327801485,margin_sampling
9,0.4410131863131801,0.40771839011275635,0.36966682059247447,0.1954479290723832,0.33979044834308,0.2690324537458295,margin_sampling,0.33979044834308,expected_error_reduction,0.4039905094030159,margin_sampling
