,random_sampling,training_utility_sampling,density_weighted_sampling,margin_sampling,expected_error_reduction,random_meta_sampling,random_sampling_choice,perfect_meta_sampling,perfect_sampling_choice,meta_sampling,meta_sampling_choice
0,0.3333333333333333,0.3333333333333333,0.3333333333333333,0.39671215762460377,0.3333333333333333,0.3333333333333333,density_weighted_sampling,0.39671215762460377,margin_sampling,0.39671215762460377,margin_sampling
1,0.5443090876655509,0.3333333333333333,0.5036144968879668,0.4136228614317871,0.6008259586440954,0.5036144968879668,density_weighted_sampling,0.6364814996307164,training_utility_sampling,0.6364814996307164,density_weighted_sampling
2,0.48649592116824747,0.45418523572008573,0.4691843267555411,0.41714285714285715,0.6355738430253013,0.4691843267555411,density_weighted_sampling,0.6396682151694137,training_utility_sampling,0.6396682151694137,training_utility_sampling
3,0.4845554056080372,0.4613683540510568,0.42844466778487783,0.405736945956258,0.6587907737025209,0.42844466778487783,density_weighted_sampling,0.6615991336937823,expected_error_reduction,0.6418972340931879,margin_sampling
4,0.47985650428002563,0.45723737033111733,0.39217541729999955,0.4201304715991942,0.6634250348701268,0.4096660910671858,training_utility_sampling,0.6663827052794417,training_utility_sampling,0.6354117977002898,margin_sampling
5,0.40055154838139617,0.4556318275338379,0.37770402418064364,0.42329609691366343,0.6634125342450732,0.46351302656287996,margin_sampling,0.6697903036344199,margin_sampling,0.44349017627437026,density_weighted_sampling
6,0.4117446207107461,0.5969769214551,0.3997165037942557,0.42648642989661883,0.6665065470536815,0.48815675479400455,expected_error_reduction,0.6675552662366249,expected_error_reduction,0.3923889707692355,density_weighted_sampling
7,0.4215633011092334,0.6162280701754386,0.4352428343329613,0.5283732660781841,0.6638190539676077,0.5025031721284458,training_utility_sampling,0.6709667310805871,density_weighted_sampling,0.4240877436004478,margin_sampling
8,0.4184201814391382,0.6126923761788776,0.405238791568511,0.5573060295482717,0.6672843726472681,0.43738075830997025,expected_error_reduction,0.6849771991169693,margin_sampling,0.4059926934203694,density_weighted_sampling
9,0.41346036551555887,0.6165987655201381,0.38688762218173983,0.5764408898382223,0.6695227909100742,0.4566805464241362,training_utility_sampling,0.6833149834851366,training_utility_sampling,0.37983287381902453,margin_sampling
