,random_sampling,training_utility_sampling,density_weighted_sampling,margin_sampling,expected_error_reduction,random_meta_sampling,random_sampling_choice,perfect_meta_sampling,perfect_sampling_choice,meta_sampling,meta_sampling_choice
0,0.3562460590901332,0.6129859411963391,0.3727798461867565,0.4198060815934884,0.40067340734801005,0.3727798461867565,density_weighted_sampling,0.6129859411963391,training_utility_sampling,0.4198060815934884,margin_sampling
1,0.35555851984372977,0.5743991571513017,0.559865625082778,0.40067340734801005,0.40067340734801005,0.3689928241493178,expected_error_reduction,0.6058071472277274,margin_sampling,0.3727798461867565,density_weighted_sampling
2,0.4752222069844855,0.5998026517032802,0.5359674420043516,0.3744238307784234,0.40067340734801005,0.3672001567807682,training_utility_sampling,0.6058071472277274,margin_sampling,0.37850514453629797,margin_sampling
3,0.4798676577229877,0.39601273378432156,0.5146317800776792,0.37287681539293,0.40067340734801005,0.5314404126727097,expected_error_reduction,0.6080530144330929,margin_sampling,0.38316191378451625,margin_sampling
4,0.4826777408824906,0.507645367599601,0.5136217443400393,0.3744238307784234,0.5878065780302731,0.5282867287715509,expected_error_reduction,0.6161974522460878,margin_sampling,0.5122511191632052,margin_sampling
5,0.4773058993827662,0.5153499889900838,0.5239059185952836,0.3579144472103588,0.5387922804888734,0.5200719764252139,expected_error_reduction,0.6312128468625927,density_weighted_sampling,0.5860353096933337,margin_sampling
6,0.4840071941978924,0.5613664198524646,0.5146402113028126,0.3579144472103588,0.533269478666419,0.5183533442906578,margin_sampling,0.6837402240541112,density_weighted_sampling,0.5849405017152659,margin_sampling
7,0.47410268966800684,0.5543640603303212,0.5102962445103301,0.3579144472103588,0.47064010528517825,0.5149015653476527,training_utility_sampling,0.6778779747010057,density_weighted_sampling,0.5853054911836935,margin_sampling
8,0.4577149809456513,0.5624809384446873,0.5092186776405145,0.3579144472103588,0.5492932165359159,0.5428276712412821,expected_error_reduction,0.655329915878023,expected_error_reduction,0.5714073792797925,margin_sampling
9,0.5463270509218978,0.5592436573827928,0.5162685463527822,0.3579144472103588,0.5588101738072448,0.5420090994798521,density_weighted_sampling,0.6395561162731788,expected_error_reduction,0.5722404067253127,margin_sampling
