,random_sampling,training_utility_sampling,density_weighted_sampling,margin_sampling,expected_error_reduction,random_meta_sampling,random_sampling_choice,perfect_meta_sampling,perfect_sampling_choice,meta_sampling,meta_sampling_choice
0,0.5070456403597365,0.5303091128061019,0.4682692783301182,0.4206773618538324,0.4913119307538273,0.4682692783301182,density_weighted_sampling,0.5303091128061019,training_utility_sampling,0.4206773618538324,margin_sampling
1,0.512560627789684,0.4730112654640956,0.45209232244366826,0.45570538893858326,0.38095238095238093,0.45209232244366826,density_weighted_sampling,0.5519492263930679,expected_error_reduction,0.38095238095238093,expected_error_reduction
2,0.5571913745754725,0.41451990632318503,0.4388327721661055,0.44509395279486264,0.36655405405405406,0.38794415403956856,training_utility_sampling,0.5680099113197705,expected_error_reduction,0.36655405405405406,margin_sampling
3,0.4883769743401375,0.42089910775566236,0.4006064452436358,0.44991789819376027,0.3518303536877951,0.38794415403956856,density_weighted_sampling,0.5588523625906804,expected_error_reduction,0.38095238095238093,margin_sampling
4,0.42908408775793166,0.41234823488818445,0.4182356674423524,0.450424191105828,0.4365964931567086,0.3899192474931228,density_weighted_sampling,0.5636854583772392,density_weighted_sampling,0.3831346179201748,margin_sampling
5,0.41888916075360894,0.403677682366207,0.4860047595149827,0.45175438596491224,0.3985491154045452,0.39189038405748583,training_utility_sampling,0.5541906082821478,margin_sampling,0.36668179068360557,margin_sampling
6,0.43627298868408537,0.45712836123795025,0.48102141736004456,0.4363113521992027,0.39691444600280507,0.45824160704457895,training_utility_sampling,0.6528002067049932,margin_sampling,0.37371682582735305,margin_sampling
7,0.5986353602247643,0.5550980528997138,0.45937322745320475,0.41524490919097407,0.4498953899430055,0.446866125090813,density_weighted_sampling,0.6430347660072837,density_weighted_sampling,0.3985491154045452,margin_sampling
8,0.5840407470288624,0.5344347439818216,0.49341000017319314,0.43244358833241614,0.4916666666666667,0.47149481723949804,expected_error_reduction,0.6542074112197633,margin_sampling,0.4117647058823529,margin_sampling
9,0.5840407470288624,0.5467561293820634,0.5588523625906803,0.4208494208494209,0.49138293400588484,0.49706764866339337,training_utility_sampling,0.6439487286169208,margin_sampling,0.4374274099883856,margin_sampling
