,random_sampling,training_utility_sampling,density_weighted_sampling,margin_sampling,expected_error_reduction,random_meta_sampling,random_sampling_choice,perfect_meta_sampling,perfect_sampling_choice,meta_sampling,meta_sampling_choice
0,0.3618247694334651,0.37810945273631846,0.38095238095238093,0.39236111111111116,0.3315508021390374,0.37810945273631846,training_utility_sampling,0.39236111111111116,margin_sampling,0.37810945273631846,training_utility_sampling
1,0.4,0.34511434511434513,0.38506261180679785,0.38036037453772914,0.3315508021390374,0.4550718979764461,expected_error_reduction,0.4840041279669762,density_weighted_sampling,0.34511434511434513,training_utility_sampling
2,0.5162538699690402,0.3315508021390374,0.3857493857493858,0.37810945273631846,0.3618247694334651,0.5345403184386235,density_weighted_sampling,0.4913119307538273,expected_error_reduction,0.3315508021390374,training_utility_sampling
3,0.4318591732198254,0.3905270489900163,0.3857493857493858,0.3737879767291532,0.3618247694334651,0.5225237091675448,expected_error_reduction,0.5260587365850523,expected_error_reduction,0.3905270489900163,training_utility_sampling
4,0.4318591732198254,0.38729494804261155,0.4444444444444444,0.37810945273631846,0.3618247694334651,0.4985766045548654,expected_error_reduction,0.5184899845916795,training_utility_sampling,0.38036037453772914,density_weighted_sampling
5,0.40645773979107314,0.36920349154391713,0.46065337990548594,0.37810945273631846,0.3618247694334651,0.4318591732198254,training_utility_sampling,0.5275161765648023,margin_sampling,0.4223315444245676,density_weighted_sampling
6,0.40814393939393934,0.4296639033481139,0.4588744588744589,0.3618247694334651,0.3757802746566792,0.4036970781156828,expected_error_reduction,0.5357325819672131,margin_sampling,0.40882816605359956,density_weighted_sampling
7,0.377750523050285,0.4306883058566938,0.49226939203354303,0.3618247694334651,0.4356849268917189,0.3761343012704174,margin_sampling,0.5278791370590872,expected_error_reduction,0.5,density_weighted_sampling
8,0.41552097145648687,0.4391025641025641,0.5292207792207793,0.34511434511434513,0.4399641577060932,0.40834767641996556,training_utility_sampling,0.5275161765648024,density_weighted_sampling,0.4876049189927777,density_weighted_sampling
9,0.40972222222222227,0.4230769230769231,0.5118750400102428,0.34511434511434513,0.4199725508136723,0.40834767641996556,training_utility_sampling,0.5335820895522388,margin_sampling,0.5199692780337941,margin_sampling
