,random_sampling,training_utility_sampling,density_weighted_sampling,margin_sampling,expected_error_reduction,random_meta_sampling,random_sampling_choice,perfect_meta_sampling,perfect_sampling_choice,meta_sampling,meta_sampling_choice
0,0.5009929641053497,0.33506493506493507,0.33506493506493507,0.34515921827826146,0.33506493506493507,0.33506493506493507,expected_error_reduction,0.34515921827826146,margin_sampling,0.34515921827826146,margin_sampling
1,0.5110094503154086,0.33506493506493507,0.393765919416427,0.33811672913638796,0.33506493506493507,0.33506493506493507,density_weighted_sampling,0.4025173687306886,expected_error_reduction,0.3357229857281046,density_weighted_sampling
2,0.3973095760787172,0.439420401611697,0.3478856222311719,0.3657111269051567,0.33506493506493507,0.33506493506493507,expected_error_reduction,0.49443452615737504,training_utility_sampling,0.4716613945693068,density_weighted_sampling
3,0.49842750566260907,0.4150758385376896,0.3404789484822151,0.33789764538193856,0.33506493506493507,0.33506493506493507,training_utility_sampling,0.4570554095071183,density_weighted_sampling,0.4982196912585101,density_weighted_sampling
4,0.477913959787028,0.3798274141334152,0.3765297698632294,0.3348489769405651,0.33506493506493507,0.33506493506493507,margin_sampling,0.5131125069559281,density_weighted_sampling,0.49903006498480584,density_weighted_sampling
5,0.4701254280496917,0.36831028080340134,0.3704276814981298,0.3348489769405651,0.33506493506493507,0.33506493506493507,expected_error_reduction,0.5037190110459676,density_weighted_sampling,0.5008597396217146,density_weighted_sampling
6,0.501835086860778,0.3548636608043994,0.366216958709004,0.33506493506493507,0.33506493506493507,0.3376784265992028,margin_sampling,0.5055675574694749,margin_sampling,0.4534958630708015,margin_sampling
7,0.48387045055318345,0.3579215813022771,0.358331630536412,0.3348489769405651,0.33506493506493507,0.335940083053446,expected_error_reduction,0.5013367962722481,density_weighted_sampling,0.47647416407333165,margin_sampling
8,0.4822006472491909,0.3486618921975122,0.35045987947986046,0.3348489769405651,0.33506493506493507,0.3449990183598376,expected_error_reduction,0.5053940913576783,expected_error_reduction,0.4812232599665594,margin_sampling
9,0.4870340499674785,0.4091408374071243,0.3506950567488979,0.3348489769405651,0.33506493506493507,0.3490378408748365,margin_sampling,0.5053617297517775,margin_sampling,0.4759071592023537,margin_sampling
