,random_sampling,training_utility_sampling,density_weighted_sampling,margin_sampling,expected_error_reduction,random_meta_sampling,random_sampling_choice,perfect_meta_sampling,perfect_sampling_choice,meta_sampling,meta_sampling_choice
0,0.34895833333333337,0.33338720103425984,0.34895833333333337,0.5763838128779321,0.5197403285638579,0.33338720103425984,training_utility_sampling,0.5763838128779321,margin_sampling,0.5763838128779321,margin_sampling
1,0.5341383422778772,0.33338720103425984,0.498386969863876,0.4563279857397505,0.3650793650793651,0.33338720103425984,expected_error_reduction,0.5966610549943884,density_weighted_sampling,0.4563279857397505,margin_sampling
2,0.6192235400868495,0.33338720103425984,0.480058722779545,0.4767094159080338,0.3650793650793651,0.461246256118051,density_weighted_sampling,0.6789933230611196,density_weighted_sampling,0.4767094159080338,margin_sampling
3,0.6266233766233766,0.46691176470588236,0.480058722779545,0.36068927531670464,0.3650793650793651,0.44636288566924404,expected_error_reduction,0.6716637837145236,density_weighted_sampling,0.5462639545236627,expected_error_reduction
4,0.5644599303135889,0.4795090948937103,0.6590909090909092,0.35627340823970044,0.49640050194835217,0.5214123652864435,expected_error_reduction,0.6753246753246753,expected_error_reduction,0.5095862017913984,density_weighted_sampling
5,0.5401996847083551,0.5397584135391771,0.5342976112206882,0.34523809523809523,0.44852941176470584,0.5180053591268544,training_utility_sampling,0.6622490993309316,margin_sampling,0.5632763975155279,margin_sampling
6,0.579124579124579,0.5260587365850524,0.571407274895647,0.36068927531670464,0.43014705882352944,0.5058007647935705,expected_error_reduction,0.6617965367965368,margin_sampling,0.5648604269293924,expected_error_reduction
7,0.44951557370486034,0.6063877642825012,0.5401996847083551,0.3857493857493858,0.419047619047619,0.4833333333333333,margin_sampling,0.6719160104986878,expected_error_reduction,0.5648604269293924,expected_error_reduction
8,0.4392790147622543,0.577922077922078,0.5401996847083551,0.4329681066368902,0.4498953899430056,0.4442053930005737,training_utility_sampling,0.6689490343001099,training_utility_sampling,0.5929962123729151,margin_sampling
9,0.4294979582032189,0.5868170328601984,0.5899923232605206,0.45041524181729364,0.4596004770423375,0.577922077922078,training_utility_sampling,0.7027825975194395,training_utility_sampling,0.5500848896434636,margin_sampling
