,random_sampling,training_utility_sampling,density_weighted_sampling,margin_sampling,expected_error_reduction,random_meta_sampling,random_sampling_choice,perfect_meta_sampling,perfect_sampling_choice,meta_sampling,meta_sampling_choice
0,0.3572292800967937,0.36330823210392277,0.3595137914913511,0.40156563369347226,0.36330823210392277,0.3595137914913511,density_weighted_sampling,0.40156563369347226,margin_sampling,0.40156563369347226,margin_sampling
1,0.35008254426080193,0.3095140153963683,0.3664281454979129,0.43452380952380953,0.4800950683303624,0.3664281454979129,density_weighted_sampling,0.5108730515106805,density_weighted_sampling,0.4964469295347975,training_utility_sampling
2,0.5893719806763285,0.6625719704088432,0.6823822203658261,0.45845390657296403,0.6969994758909853,0.3095140153963683,training_utility_sampling,0.5700330214639515,margin_sampling,0.48333039619346674,expected_error_reduction
3,0.5667095667095667,0.6347432244868143,0.6246528038435553,0.4678171565998797,0.6989160979526294,0.4651952461799661,density_weighted_sampling,0.5387527875375013,density_weighted_sampling,0.4959677419354839,expected_error_reduction
4,0.5697074010327022,0.5334174022698613,0.4880834265689979,0.4166902898013476,0.7149739060618225,0.5912321315827815,density_weighted_sampling,0.5904877531749244,density_weighted_sampling,0.45209232244366826,expected_error_reduction
5,0.5588235294117647,0.5147761219219928,0.4554786396670332,0.4698637957752223,0.7314801455618076,0.5531248462585481,training_utility_sampling,0.6508811935443954,margin_sampling,0.5746661530559836,margin_sampling
6,0.5064684139784947,0.4982942002809553,0.4430843203423102,0.45887445887445893,0.7197129860977641,0.7195512820512819,training_utility_sampling,0.6542413066385668,margin_sampling,0.5142913593256059,margin_sampling
7,0.5296985163010585,0.5222802087515055,0.43428875676635015,0.49064449064449067,0.7236418398244124,0.7038294057377049,density_weighted_sampling,0.6925821368572369,margin_sampling,0.5166036149642707,expected_error_reduction
8,0.5073615405565612,0.5474134478283856,0.42536430787083523,0.4800950683303624,0.7353903393418437,0.707957945944216,expected_error_reduction,0.7040719696969696,training_utility_sampling,0.5132921589688507,expected_error_reduction
9,0.5114997757703889,0.5318428294605201,0.5466230893401622,0.5324847680521204,0.7275641025641026,0.7245446885734654,training_utility_sampling,0.7126483301225495,margin_sampling,0.49789876964101876,expected_error_reduction
