,random_sampling,training_utility_sampling,density_weighted_sampling,margin_sampling,expected_error_reduction,random_meta_sampling,random_sampling_choice,perfect_meta_sampling,perfect_sampling_choice,meta_sampling,meta_sampling_choice
0,0.3131868131868132,0.5732689210950082,0.3131868131868132,0.3131868131868132,0.5478328273367354,0.3131868131868132,density_weighted_sampling,0.5732689210950082,training_utility_sampling,0.3131868131868132,margin_sampling
1,0.3213488568498522,0.3905270489900162,0.3606892753167047,0.3131868131868132,0.44663179957297605,0.3606892753167047,density_weighted_sampling,0.583137718346797,margin_sampling,0.3131868131868132,density_weighted_sampling
2,0.3213488568498522,0.6075981805368698,0.4208057862914618,0.3131868131868132,0.4899324369523045,0.5918955252544651,training_utility_sampling,0.5634434924520604,expected_error_reduction,0.3131868131868132,margin_sampling
3,0.3373722074971601,0.5949186596668611,0.4740249231267195,0.3294098806950116,0.3841911764705882,0.57886124079511,density_weighted_sampling,0.5770707267876896,expected_error_reduction,0.3373722074971601,density_weighted_sampling
4,0.3213488568498522,0.6094970321774444,0.5011498917748918,0.3373722074971601,0.36655405405405406,0.5517418032786885,density_weighted_sampling,0.5687905844155844,density_weighted_sampling,0.4,density_weighted_sampling
5,0.3213488568498522,0.5752895752895754,0.4899324369523045,0.33325431162211816,0.3562734082397004,0.5522099046328122,training_utility_sampling,0.5670449768810424,margin_sampling,0.4829506284138516,margin_sampling
6,0.37613430127041747,0.5916666666666668,0.5577071538857437,0.31940107294419084,0.3562734082397004,0.49650912996777663,training_utility_sampling,0.5424642627491715,expected_error_reduction,0.5258922622200202,margin_sampling
7,0.3782141187470781,0.5105190417690418,0.5614670335859928,0.31940107294419084,0.3660268414481898,0.506655963609606,density_weighted_sampling,0.5472207586933615,expected_error_reduction,0.5754518705338377,margin_sampling
8,0.3615045275133504,0.4997571636716853,0.5662232504337767,0.31940107294419084,0.36827878004348596,0.515992255876094,expected_error_reduction,0.5542359850157857,expected_error_reduction,0.4919786096256684,margin_sampling
9,0.43524096385542166,0.49694296107112457,0.6001714728528796,0.3274078797903506,0.3881405253319458,0.5364044505172749,training_utility_sampling,0.5459348788058913,margin_sampling,0.5075679037943188,margin_sampling
