,attr_conc.mean,attr_conc.sd,attr_ent.mean,attr_ent.sd,attr_to_inst,cat_to_num,cohesiveness.mean,cohesiveness.sd,cor.mean,cor.sd,cov.mean,cov.sd,eigenvalues.mean,eigenvalues.sd,g_mean.mean,g_mean.sd,h_mean.mean,h_mean.sd,inst_to_attr,iq_range.mean,iq_range.sd,kurtosis.mean,kurtosis.sd,mad.mean,mad.sd,max.mean,max.sd,mean.mean,mean.sd,median.mean,median.sd,min.mean,min.sd,nr_attr,nr_bin,nr_cat,nr_cor_attr,nr_inst,nr_norm,nr_num,nr_outliers,num_to_cat,one_itemset.mean,one_itemset.sd,range.mean,range.sd,sd.mean,sd.sd,skewness.mean,skewness.sd,sparsity.mean,sparsity.sd,t2,t3,t4,t_mean.mean,t_mean.sd,two_itemset.mean,two_itemset.sd,var.mean,var.sd,wg_dist.mean,wg_dist.sd,ch,int,nre,pb,sc,sil,vdb,vdu,dataset_id,query_number,estimator,best_strategy,best_score
0,0.008344434575902972,0.045836603628356204,1.2336601198213917,1.3338883657589136,0.06734006734006734,0.0,121.17563131313132,37.43249787760528,0.06015213421708256,0.13065200259938403,5910912865.908187,172878744490.80914,368251150380.5009,2720928207189.277,,,,,14.85,205504.11730677,1068168.2609656365,152.13938986739785,334.16545447634326,112881.18293609025,637982.1602729721,994607.1355444599,3542166.9475709223,131655.49340072525,681265.2456745938,103855.36145589,682344.0143508529,-25731.402137179997,257440.88395126697,100.0,66.0,0.0,0.026060606060606062,1485.0,0.0,100.0,82.0,,0.228310502283105,0.29922821810596884,1020338.5376816399,3574422.2612708556,138519.3922882868,593792.4069624393,6.946549756430087,9.899042938549577,0.3369126754914881,0.22893005671404656,0.06734006734006734,0.0026936026936026937,0.04,111159.1306293406,658858.1250583322,0.35500811610808747,0.2931477541979928,368251150380.50085,2100441422394.6978,3.2385945992981635,0.4381720919357726,2550.991205756757,10635964.541189248,0.6923577109172576,-0.7501721866020095,0.0,0.5809690448935658,0.6178044502668292,4.2164694131370154e-08,44464.0,2.0,SVCLinear,entropy_sampling,0.6051645281415475
