,attr_conc.mean,attr_conc.sd,attr_ent.mean,attr_ent.sd,attr_to_inst,cat_to_num,cohesiveness.mean,cohesiveness.sd,cor.mean,cor.sd,cov.mean,cov.sd,eigenvalues.mean,eigenvalues.sd,g_mean.mean,g_mean.sd,h_mean.mean,h_mean.sd,inst_to_attr,iq_range.mean,iq_range.sd,kurtosis.mean,kurtosis.sd,mad.mean,mad.sd,max.mean,max.sd,mean.mean,mean.sd,median.mean,median.sd,min.mean,min.sd,nr_attr,nr_bin,nr_cat,nr_cor_attr,nr_inst,nr_norm,nr_num,nr_outliers,num_to_cat,one_itemset.mean,one_itemset.sd,range.mean,range.sd,sd.mean,sd.sd,skewness.mean,skewness.sd,sparsity.mean,sparsity.sd,t2,t3,t4,t_mean.mean,t_mean.sd,two_itemset.mean,two_itemset.sd,var.mean,var.sd,wg_dist.mean,wg_dist.sd,ch,int,nre,pb,sc,sil,vdb,vdu,dataset_id,query_number,estimator,best_strategy,best_score
0,0.5,0.0,0.0,0.0,5.0,0.0,0.375,0.07654655446197431,0.43511092455860884,0.26667739201489893,0.4045963208883896,0.29437247321979737,0.952572791179604,2.529992015952293,,,,,0.2,1.19456236,0.5329007535872948,-1.8557839797675157,0.2911959846370989,0.8339518252799999,0.38455636640909124,1.20794244,0.4684607075750039,-0.041751528,0.41821744502047764,-0.15765624,0.5790826029854808,-1.07322332,0.4265095913459157,25.0,0.0,0.0,0.39666666666666667,5.0,24.0,25.0,4.0,,1.0,0.0,2.28116576,0.4779016553683125,0.9543821166754484,0.20848552744958673,0.15437957745588005,0.33285410471419535,0.0,0.0,5.0,0.8,0.16,-0.11449225333333331,0.48521337600061065,0.0,0.0,0.9525727911796039,0.3863255969806419,2.837812099368768,0.19332448795839255,1.5944658070337636,7.100994679689217,1.0549201679861442,-0.44248153491294795,3.0,0.07562917239557024,0.8945697436410956,,768.0,13.0,SVC,uncertainty_sampling,0.5989304812834225
