Row,z_1,z_2
0,-1.8624140684396422,-2.073475353918908
1,-1.7936209836913712,-1.5151320588464505
2,-0.34675518418759804,-2.7888518641418982
3,-1.2994305644088433,-2.9076861725715286
4,-1.8460259608283727,-2.2514390484437827
5,,
6,-0.9405723809555919,3.1907465605666983
7,-0.9126573587830634,3.2229397451873623
8,-0.6514515024989752,3.2378895244475836
