Row,z_1,z_2
0,-0.5175713108812094,5.141569520745188
1,-0.40650152794825417,5.300782979061677
2,-0.4152522212778513,5.354751672617255
